Comunidad;Provincia;Población;Latitud;Longitud;Altitud;Habitantes;Hombres;Mujeres
Andalucía;Almería;Adra;36.74807;-3.022522;10.97898;24373;12338;12035
Andalucía;Almería;Albox;37.38979;-2.147483;426.4268;11178;5731;5447
Andalucía;Almería;Almería;36.84016;-2.467922;27.00703;188810;92396;96414
Andalucía;Almería;Berja;36.84644;-2.949425;340.7863;15035;7542;7493
Andalucía;Almería;Cuevas del Almanzora;37.29709;-1.881476;97.29103;13025;6819;6206
Andalucía;Almería;Ejido (El);36.77506;-2.812738;80;84227;47263;36964
Andalucía;Almería;Huércal-Overa;37.39063;-1.943684;284.6117;17645;8800;8845
Andalucía;Almería;Huércal de Almería;36.88415;-2.435978;72.52909;14937;7623;7314
Andalucía;Almería;Níjar;36.96576;-2.20651;353.1248;26516;14653;11863
Andalucía;Almería;Roquetas de Mar;36.76427;-2.614935;11.84886;82665;43095;39570
Andalucía;Almería;Vera;37.24686;-1.868238;102.0657;13985;7182;6803
Andalucía;Almería;Vícar;36.83145;-2.642515;276.2602;22853;12114;10739
Andalucía;Cádiz;Algeciras;36.12978;-5.447698;22.40544;116209;57582;58627
Andalucía;Cádiz;Arcos de la Frontera;36.75078;-5.812395;139.2057;31210;15642;15568
Andalucía;Cádiz;Barbate;36.19282;-5.918903;15.97273;22912;11447;11465
Andalucía;Cádiz;Barrios (Los);36.18539;-5.492747;25.33697;22311;11258;11053
Andalucía;Cádiz;Cádiz;36.52969;-6.292657;15.42415;126766;60289;66477
Andalucía;Cádiz;Chiclana de la Frontera;36.41915;-6.149412;13.2455;77293;39050;38243
Andalucía;Cádiz;Chipiona;36.7408;-6.43587;11.72497;18583;9307;9276
Andalucía;Cádiz;Conil de la Frontera;36.27675;-6.088436;33.70992;20984;10628;10356
Andalucía;Cádiz;Jerez de la Frontera;36.68656;-6.137173;55.74849;207532;101542;105990
Andalucía;Cádiz;Jimena de la Frontera;36.43404;-5.453479;131.443;10431;5399;5032
Andalucía;Cádiz;Línea de la Concepción (La);36.16118;-5.348256;10.4049;64595;31947;32648
Andalucía;Cádiz;Medina-Sidonia;36.46768;-5.927894;246.0372;11683;6010;5673
Andalucía;Cádiz;Puerto de Santa María (El);36.59695;-6.227526;14.76373;87696;43320;44376
Andalucía;Cádiz;Puerto Real;36.52912;-6.191895;11.78617;40183;20271;19912
Andalucía;Cádiz;Rota;36.61699;-6.358202;14.28653;28516;14300;14216
Andalucía;Cádiz;San Fernando;36.46572;-6.196626;21.14313;96366;47536;48830
Andalucía;Cádiz;San Roque;36.20975;-5.384572;106.1072;29249;14793;14456
Andalucía;Cádiz;Sanlúcar de Barrameda;36.77882;-6.354198;11.0011;65805;32843;32962
Andalucía;Cádiz;Tarifa;36.01271;-5.602954;14.66109;17793;9079;8714
Andalucía;Cádiz;Ubrique;36.67771;-5.446557;326.7233;16979;8362;8617
Andalucía;Cádiz;Vejer de la Frontera;36.25331;-5.962856;178.6806;12973;6548;6425
Andalucía;Cádiz;Villamartín;36.86132;-5.641834;167.8091;12526;6245;6281
Andalucía;Córdoba;Aguilar de la Frontera;37.51503;-4.656057;374.5963;13746;6891;6855
Andalucía;Córdoba;Baena;37.61441;-4.326089;432.8641;20915;10589;10326
Andalucía;Córdoba;Cabra;37.47437;-4.425931;503.6198;21352;10482;10870
Andalucía;Córdoba;Carlota (La);37.67361;-4.932553;215.4566;13182;6616;6566
Andalucía;Córdoba;Córdoba;37.88473;-4.779152;131.9102;328428;158233;170195
Andalucía;Córdoba;Fuente Palmera;37.70319;-5.103904;160.0771;10788;5437;5351
Andalucía;Córdoba;Lucena;37.40873;-4.485598;494.1765;42248;21082;21166
Andalucía;Córdoba;Montilla;37.58963;-4.638313;385.7791;23840;11822;12018
Andalucía;Córdoba;Palma del Río;37.70163;-5.283767;60.91507;21588;10812;10776
Andalucía;Córdoba;Peñarroya-Pueblonuevo;38.30304;-5.272851;541.6902;11883;5741;6142
Andalucía;Córdoba;Pozoblanco;38.37742;-4.848376;652.3784;17669;8671;8998
Andalucía;Córdoba;Priego de Córdoba;37.4389;-4.194839;657.6609;23513;11576;11937
Andalucía;Córdoba;Puente Genil;37.39051;-4.770465;219.0715;30033;14927;15106
Andalucía;Córdoba;Rute;37.32587;-4.371301;632.5386;10559;5276;5283
Andalucía;Granada;Albolote;37.23085;-3.657415;650.2138;17089;8583;8506
Andalucía;Granada;Almuñécar;36.73454;-3.690736;24.01802;27696;13677;14019
Andalucía;Granada;Armilla;37.1401;-3.617981;671.618;21380;10836;10544
Andalucía;Granada;Atarfe;37.2229;-3.687416;604.92;15399;7787;7612
Andalucía;Granada;Baza;37.49065;-2.774473;850.2978;23359;11672;11687
Andalucía;Granada;Churriana de la Vega;37.14777;-3.64595;657.35;12001;5989;6012
Andalucía;Granada;Gabias (Las);37.135;-3.698333;703.1069;16369;8466;7903
Andalucía;Granada;Granada;37.17649;-3.597929;697.486;234325;108745;125580
Andalucía;Granada;Guadix;37.3004;-3.134583;919.4025;20395;10132;10263
Andalucía;Granada;Huétor Vega;37.15238;-3.575904;739.9867;11324;5699;5625
Andalucía;Granada;Illora;37.28843;-3.879782;775.8689;10440;5207;5233
Andalucía;Granada;Loja;37.16884;-4.151471;456.7311;21574;10825;10749
Andalucía;Granada;Maracena;37.20568;-3.636805;649.4002;20815;10323;10492
Andalucía;Granada;Motril;36.74467;-3.516718;41.48437;60279;29907;30372
Andalucía;Granada;Ogíjares;37.11991;-3.607937;721.7737;13119;6610;6509
Andalucía;Granada;Peligros;37.23122;-3.629415;687.5328;10910;5545;5365
Andalucía;Granada;Pinos Puente;37.25146;-3.750995;575.2888;13515;6863;6652
Andalucía;Granada;Salobreña;36.74626;-3.587108;20.95912;12747;6372;6375
Andalucía;Granada;Santa Fe;37.18936;-3.719076;582.6545;15430;7643;7787
Andalucía;Granada;Zubia (La);37.12061;-3.584668;744.7736;17803;8810;8993
Andalucía;Huelva;Aljaraque;37.27111;-7.021585;36.69819;17960;8981;8979
Andalucía;Huelva;Almonte;37.26254;-6.51724;77.07417;21782;10883;10899
Andalucía;Huelva;Ayamonte;37.21466;-7.409819;3.156081;20334;10250;10084
Andalucía;Huelva;Bollullos Par del Condado;37.33615;-6.535758;116.0159;13891;6912;6979
Andalucía;Huelva;Cartaya;37.28314;-7.154979;24.17416;17905;9198;8707
Andalucía;Huelva;Gibraleón;37.37495;-6.970141;29.21607;12258;6156;6102
Andalucía;Huelva;Huelva;37.2571;-6.949555;20.74414;148806;71983;76823
Andalucía;Huelva;Isla Cristina;37.19943;-7.325246;6.336774;21324;10700;10624
Andalucía;Huelva;Lepe;37.25432;-7.203348;24.5359;25886;13332;12554
Andalucía;Huelva;Moguer;37.27469;-6.836591;53.91101;19569;9832;9737
Andalucía;Huelva;Palma del Condado (La);37.38784;-6.5534;96.01058;10404;5185;5219
Andalucía;Huelva;Punta Umbría;37.18248;-6.967148;7.50116;14708;7493;7215
Andalucía;Huelva;Valverde del Camino;37.57339;-6.753376;282.4763;12780;6242;6538
Andalucía;Jaén;Alcalá la Real;37.46358;-3.925078;929.4698;22783;11343;11440
Andalucía;Jaén;Alcaudete;37.59106;-4.086735;660.8123;11135;5522;5613
Andalucía;Jaén;Andújar;38.03675;-4.054391;215.333;39111;19305;19806
Andalucía;Jaén;Baeza;37.99343;-3.469237;759.475;16253;8062;8191
Andalucía;Jaén;Bailén;38.09588;-3.774859;350.999;18785;9497;9288
Andalucía;Jaén;Carolina (La);38.27468;-3.615412;598.452;15880;7832;8048
Andalucía;Jaén;Jaén;37.76574;-3.789518;576.3939;116557;56348;60209
Andalucía;Jaén;Jódar;37.84398;-3.352545;650.8392;12157;6027;6130
Andalucía;Jaén;Linares;38.09362;-3.635844;410.825;61338;30067;31271
Andalucía;Jaén;Mancha Real;37.78617;-3.612393;759.8338;10972;5533;5439
Andalucía;Jaén;Martos;37.72278;-3.966259;739.3722;24655;12106;12549
Andalucía;Jaén;Torre del Campo;37.77657;-3.895521;627.6521;14627;7377;7250
Andalucía;Jaén;Torredonjimeno;37.76543;-3.959263;585.9095;14181;6999;7182
Andalucía;Jaén;Úbeda;38.00809;-3.368519;737.4617;35649;17489;18160
Andalucía;Jaén;Villacarrillo;38.11541;-3.087194;793.0148;11294;5700;5594
Andalucía;Málaga;Alhaurín de la Torre;36.66836;-4.552967;55.9206;35114;17562;17552
Andalucía;Málaga;Alhaurín el Grande;36.64186;-4.691447;262.0032;23319;11730;11589
Andalucía;Málaga;Álora;36.82264;-4.706715;217.7383;13395;6763;6632
Andalucía;Málaga;Antequera;37.01938;-4.562885;519.31;45168;22257;22911
Andalucía;Málaga;Benalmádena;36.59523;-4.573368;246.0654;58854;29111;29743
Andalucía;Málaga;Cártama;36.71131;-4.630741;103.493;21313;10895;10418
Andalucía;Málaga;Coín;36.65871;-4.760344;212.3918;21866;11231;10635
Andalucía;Málaga;Estepona;36.42477;-5.144903;9.655864;65592;32976;32616
Andalucía;Málaga;Fuengirola;36.53901;-4.624353;9.702183;71482;35339;36143
Andalucía;Málaga;Málaga;36.71965;-4.420019;20.76588;568305;274209;294096
Andalucía;Málaga;Manilva;36.37706;-5.249271;135.0445;13813;7249;6564
Andalucía;Málaga;Marbella;36.50994;-4.886352;23.81581;134623;65808;68815
Andalucía;Málaga;Mijas;36.5957;-4.637619;421.1643;73787;37063;36724
Andalucía;Málaga;Nerja;36.74503;-3.876649;25.00439;21811;10824;10987
Andalucía;Málaga;Rincón de la Victoria;36.71566;-4.275504;3.764837;38666;19178;19488
Andalucía;Málaga;Ronda;36.74196;-5.166412;721.0318;36827;18124;18703
Andalucía;Málaga;Torremolinos;36.62179;-4.500273;52.33766;65448;32845;32603
Andalucía;Málaga;Torrox;36.75845;-3.952617;146.8773;16890;8466;8424
Andalucía;Málaga;Vélez-Málaga;36.77864;-4.100675;55.92748;74190;37038;37152
Andalucía;Sevilla;Alcalá de Guadaíra;37.33833;-5.844032;55.89719;70155;34956;35199
Andalucía;Sevilla;Alcalá del Río;37.51827;-5.978236;27.89068;10869;5512;5357
Andalucía;Sevilla;Algaba (La);37.46177;-6.013736;11.90946;14942;7466;7476
Andalucía;Sevilla;Arahal;37.2641;-5.542829;119.1923;19248;9517;9731
Andalucía;Sevilla;Bormujos;37.37101;-6.070961;100.3896;18590;9242;9348
Andalucía;Sevilla;Brenes;37.55057;-5.873065;20.4634;12460;6261;6199
Andalucía;Sevilla;Cabezas de San Juan (Las);36.98133;-5.940864;66.06638;16464;8369;8095
Andalucía;Sevilla;Camas;37.40087;-6.032911;10.96704;26015;12750;13265
Andalucía;Sevilla;Cantillana;37.60867;-5.825826;31.12143;10627;5420;5207
Andalucía;Sevilla;Carmona;37.47102;-5.642328;217.9807;28344;14321;14023
Andalucía;Sevilla;Castilleja de la Cuesta;37.38644;-6.051838;99.49868;17150;8412;8738
Andalucía;Sevilla;Coria del Río;37.28506;-6.051814;12.71133;28100;14157;13943
Andalucía;Sevilla;Dos Hermanas;37.28318;-5.922242;47.75739;122943;60935;62008
Andalucía;Sevilla;Écija;37.54093;-5.079953;109;40400;19901;20499
Andalucía;Sevilla;Espartinas;37.37997;-6.123577;129.527;12648;6341;6307
Andalucía;Sevilla;Estepa;37.29147;-4.878506;536.463;12632;6279;6353
Andalucía;Sevilla;Gines;37.38713;-6.078264;122.6012;12934;6369;6565
Andalucía;Sevilla;Guillena;37.53902;-6.052268;23.11958;11109;5572;5537
Andalucía;Sevilla;Lebrija;36.91951;-6.078367;36.06404;26434;13321;13113
Andalucía;Sevilla;Lora del Río;37.65923;-5.526284;42.94636;19352;9619;9733
Andalucía;Sevilla;Mairena del Alcor;37.37316;-5.747595;131.1066;20510;10258;10252
Andalucía;Sevilla;Mairena del Aljarafe;37.34449;-6.065354;67.95491;40700;20150;20550
Andalucía;Sevilla;Marchena;37.32972;-5.416465;132.541;19768;9851;9917
Andalucía;Sevilla;Morón de la Frontera;37.1223;-5.451869;231.4267;28455;14149;14306
Andalucía;Sevilla;Osuna;37.23697;-5.102748;291.4922;17851;8821;9030
Andalucía;Sevilla;Palacios y Villafranca (Los);37.15859;-5.924166;8.847688;36824;18586;18238
Andalucía;Sevilla;Pilas;37.30167;-6.302449;69.78975;13386;6764;6622
Andalucía;Sevilla;Puebla de Cazalla (La);37.22441;-5.31227;173.4698;11325;5687;5638
Andalucía;Sevilla;Puebla del Río (La);37.26748;-6.062557;21.86605;12143;6017;6126
Andalucía;Sevilla;Rinconada (La);37.4878;-5.979309;11.99988;35928;17955;17973
Andalucía;Sevilla;San Juan de Aznalfarache;37.35838;-6.035451;52.55407;20779;10082;10697
Andalucía;Sevilla;Sanlúcar la Mayor;37.38578;-6.201977;135.8951;12749;6354;6395
Andalucía;Sevilla;Sevilla;37.38264;-5.996295;8.265573;703206;335097;368109
Andalucía;Sevilla;Tomares;37.37404;-6.045198;69.09997;22772;11252;11520
Andalucía;Sevilla;Utrera;37.18142;-5.781507;49.07016;50665;25341;25324
Andalucía;Sevilla;Viso del Alcor (El);37.38826;-5.719357;145.2844;18351;9251;9100
Aragón;Huesca;Barbastro;42.0348;0.1239805;336.4226;16924;8315;8609
Aragón;Huesca;Fraga;41.52243;0.3489263;129.2042;14302;7424;6878
Aragón;Huesca;Huesca;42.1401;-0.408898;467;52059;25373;26686
Aragón;Huesca;Jaca;42.57101;-0.5494531;815.3232;13396;6718;6678
Aragón;Huesca;Monzón;41.91031;0.1946406;283.2903;17042;8772;8270
Aragón;Huesca;Sabiñánigo;42.5197;-0.3650786;798.9523;10378;5299;5079
Aragón;Teruel;Alcañiz;41.04895;-0.1306302;341.0952;16392;8294;8098
Aragón;Teruel;Teruel;40.34411;-1.10691;927.4562;35396;17264;18132
Aragón;Zaragoza;Calatayud;41.35432;-1.647009;541.744;21933;10909;11024
Aragón;Zaragoza;Ejea de los Caballeros;42.12921;-1.137434;343.5083;17331;8958;8373
Aragón;Zaragoza;Tarazona;41.90277;-1.7254;487.6725;11211;5536;5675
Aragón;Zaragoza;Utebo;41.71503;-0.9947444;208.7015;17677;9005;8672
Aragón;Zaragoza;Zaragoza;41.65629;-0.8765379;204.0027;674317;328470;345847
Asturias;Asturias;Aller;43.1497;-5.687873;870.3992;12766;6260;6506
Asturias;Asturias;Avilés;43.55577;-5.927617;8.896673;84242;40419;43823
Asturias;Asturias;Cangas del Narcea;43.17706;-6.549129;395.787;14589;7294;7295
Asturias;Asturias;Carreño;43.54855;-5.789795;84.34576;10936;5327;5609
Asturias;Asturias;Castrillón;43.55;-5.967;86.8708;22894;11195;11699
Asturias;Asturias;Corvera de Asturias;43.51012;-5.869227;56.71637;15955;7857;8098
Asturias;Asturias;Gijón;43.54526;-5.661926;10.46988;277554;131594;145960
Asturias;Asturias;Gozón;43.60997;-5.789972;23.33944;10738;5233;5505
Asturias;Asturias;Grado;43.38855;-6.06973;70.00195;11033;5368;5665
Asturias;Asturias;Langreo;43.29636;-5.682541;216.0747;45565;21697;23868
Asturias;Asturias;Laviana;43.23576;-5.55625;297.8459;14210;6880;7330
Asturias;Asturias;Lena;43.15833;-5.829167;316.1207;12766;6199;6567
Asturias;Asturias;Llanera;43.46667;-5.933333;234.8832;13776;6822;6954
Asturias;Asturias;Llanes;43.41953;-4.750914;19.37611;14013;6838;7175
Asturias;Asturias;Mieres;43.25179;-5.776198;210.1827;44070;20969;23101
Asturias;Asturias;Oviedo;43.36026;-5.844759;238.8659;224005;104605;119400
Asturias;Asturias;San Martín del Rey Aurelio;43.27671;-5.607564;266.8616;18729;9062;9667
Asturias;Asturias;Siero;43.383;-5.65;266.4884;51181;24987;26194
Asturias;Asturias;Tineo;43.33509;-6.414816;671.4896;11146;5630;5516
Asturias;Asturias;Valdés;43.54389;-6.535833;18.18302;13529;6604;6925
Asturias;Asturias;Villaviciosa;43.48137;-5.435346;8.267545;14775;7247;7528
Canarias;Las Palmas;Agüimes;27.90411;-15.44564;274.6894;28924;14814;14110
Canarias;Las Palmas;Antigua;28.42347;-14.01455;257.4895;10371;5639;4732
Canarias;Las Palmas;Arrecife;28.95951;-13.5476;4.273663;59127;30443;28684
Canarias;Las Palmas;Arucas;28.11927;-15.52474;251.5649;36259;18159;18100
Canarias;Las Palmas;Gáldar;28.14404;-15.65036;114.2928;24405;12285;12120
Canarias;Las Palmas;Ingenio;27.92047;-15.44246;312.7698;29319;14879;14440
Canarias;Las Palmas;Mogán;27.8837;-15.72398;253.7186;21690;11358;10332
Canarias;Las Palmas;Oliva (La);28.6104;-13.9288;220.1189;21996;11854;10142
Canarias;Las Palmas;Pájara;28.35059;-14.10761;199.2286;20821;11425;9396
Canarias;Las Palmas;Palmas de Gran Canaria (Las);28.12482;-15.43001;7.271036;381847;186191;195656
Canarias;Las Palmas;Puerto del Rosario;28.4965;-13.86221;17.26586;35667;18551;17116
Canarias;Las Palmas;San Bartolomé;27.92461;-15.573;886.5434;18517;9525;8992
Canarias;Las Palmas;San Bartolomé de Tirajana;27.92461;-15.573;886.5434;52161;27228;24933
Canarias;Las Palmas;Santa Brígida;28.0306;-15.49134;554.6102;19154;9528;9626
Canarias;Las Palmas;Santa Lucía de Tirajana;27.91272;-15.54124;685.452;63637;32142;31495
Canarias;Las Palmas;Santa María de Guía de Gran Ca;28.13915;-15.63284;184.0675;14069;7022;7047
Canarias;Las Palmas;Teguise;29.05942;-13.5603;303.7625;19418;9930;9488
Canarias;Las Palmas;Telde;27.99604;-15.41789;150.629;100015;49765;50250
Canarias;Las Palmas;Teror;28.0595;-15.54824;591.0235;12926;6635;6291
Canarias;Las Palmas;Tías;28.95304;-13.65303;203.0193;19849;10245;9604
Canarias;Las Palmas;Tuineje;28.32417;-14.04758;184.2644;13632;7079;6553
Canarias;Las Palmas;Yaiza;28.95247;-13.76526;180.6911;13941;7570;6371
Canarias;Santa Cruz de Tenerife;Adeje;28.12185;-16.72464;288.9392;43204;22277;20927
Canarias;Santa Cruz de Tenerife;Arona;28.10047;-16.68066;630.8655;78614;40879;37735
Canarias;Santa Cruz de Tenerife;Candelaria;28.35276;-16.37013;10;24319;11964;12355
Canarias;Santa Cruz de Tenerife;Granadilla de Abona;28.12018;-16.57691;647.0933;39993;20540;19453
Canarias;Santa Cruz de Tenerife;Guía de Isora;28.20995;-16.779;590.0607;20536;10396;10140
Canarias;Santa Cruz de Tenerife;Güímar;28.31723;-16.41325;307.1391;17662;8702;8960
Canarias;Santa Cruz de Tenerife;Icod de los Vinos;28.36761;-16.71886;229.9812;24024;11917;12107
Canarias;Santa Cruz de Tenerife;Llanos de Aridane (Los);28.65619;-17.91137;345.7089;20766;10199;10567
Canarias;Santa Cruz de Tenerife;Orotava (La);28.39108;-16.52354;342.5714;41171;20328;20843
Canarias;Santa Cruz de Tenerife;Puerto de la Cruz;28.41339;-16.54516;53.82357;32219;15652;16567
Canarias;Santa Cruz de Tenerife;Realejos (Los);28.36667;-16.58333;596.4269;37559;18601;18958
Canarias;Santa Cruz de Tenerife;Rosario (El);28.42729;-16.35815;722.4636;17182;8841;8341
Canarias;Santa Cruz de Tenerife;San Cristóbal de La Laguna;28.48812;-16.31478;548.1752;150661;73870;76791
Canarias;Santa Cruz de Tenerife;San Miguel de Abona;28.09838;-16.61715;604.5886;16179;8253;7926
Canarias;Santa Cruz de Tenerife;Santa Cruz de la Palma;28.68326;-17.76396;3.883548;17084;8329;8755
Canarias;Santa Cruz de Tenerife;Santa Cruz de Tenerife;28.46981;-16.25486;41.29388;222417;106829;115588
Canarias;Santa Cruz de Tenerife;Santa Úrsula;28.42549;-16.48891;284.0858;14013;6990;7023
Canarias;Santa Cruz de Tenerife;Santiago del Teide;28.29614;-16.81461;929.3008;12050;6035;6015
Canarias;Santa Cruz de Tenerife;Tacoronte;28.48153;-16.412;488.9084;23562;11763;11799
Canarias;Santa Cruz de Tenerife;Tegueste;28.52328;-16.33353;412.2942;10666;5293;5373
Cantabria;Cantabria;Astillero (El);43.40158;-3.818161;15.58059;17360;8517;8843
Cantabria;Cantabria;Camargo;43.40667;-3.883333;27.12142;31404;15639;15765
Cantabria;Cantabria;Castro-Urdiales;43.38277;-3.21957;13.48153;31670;16102;15568
Cantabria;Cantabria;Corrales de Buelna (Los);43.25957;-4.068241;92.81157;11610;5779;5831
Cantabria;Cantabria;Laredo;43.41148;-3.412477;13.43072;12591;6104;6487
Cantabria;Cantabria;Piélagos;43.38657;-3.957237;39.58884;20081;10113;9968
Cantabria;Cantabria;Reinosa;43.00071;-4.139154;853.8888;10307;4899;5408
Cantabria;Cantabria;Santa Cruz de Bezana;43.44282;-3.904777;42.96122;11279;5543;5736
Cantabria;Cantabria;Santander;43.46096;-3.807934;4.1;182700;84984;97716
Cantabria;Cantabria;Santoña;43.44215;-3.453193;8.660443;11569;5727;5842
Cantabria;Cantabria;Torrelavega;43.35146;-4.047017;24.9647;55947;26887;29060
Castilla La Mancha;Albacete;Albacete;38.99765;-1.86007;685.9573;169716;83838;85878
Castilla La Mancha;Albacete;Almansa;38.86941;-1.097517;699.0923;25727;12760;12967
Castilla La Mancha;Albacete;Caudete;38.70274;-0.9915481;576.1887;10330;5232;5098
Castilla La Mancha;Albacete;Hellín;38.51216;-1.70331;571.8438;30976;15507;15469
Castilla La Mancha;Albacete;Roda (La);39.0013;-1.868604;679.9437;16060;8155;7905
Castilla La Mancha;Albacete;Villarrobledo;39.26726;-2.607643;728.5291;26642;13377;13265
Castilla La Mancha;Ciudad Real;Alcázar de San Juan;39.38993;-3.210137;645.0808;30675;15191;15484
Castilla La Mancha;Ciudad Real;Bolaños de Calatrava;38.90565;-3.666354;649.2621;12490;6456;6034
Castilla La Mancha;Ciudad Real;Campo de Criptana;39.40229;-3.12215;697.7733;15006;7721;7285
Castilla La Mancha;Ciudad Real;Ciudad Real;38.9861;-3.927263;636.7003;74014;35073;38941
Castilla La Mancha;Ciudad Real;Daimiel;39.07178;-3.616573;628.4135;18527;9231;9296
Castilla La Mancha;Ciudad Real;Manzanares;38.99636;-3.373172;665.636;19186;9532;9654
Castilla La Mancha;Ciudad Real;Miguelturra;38.96479;-3.891293;630.9375;13986;7116;6870
Castilla La Mancha;Ciudad Real;Puertollano;38.68604;-4.112146;710.2035;51842;25334;26508
Castilla La Mancha;Ciudad Real;Socuéllamos;39.29322;-2.79432;676.6555;13163;6756;6407
Castilla La Mancha;Ciudad Real;Solana (La);38.94151;-3.23942;772.6749;16511;8463;8048
Castilla La Mancha;Ciudad Real;Tomelloso;39.15775;-3.020807;667.3932;38095;19301;18794
Castilla La Mancha;Ciudad Real;Valdepeñas;38.76053;-3.384104;710.3396;31147;15374;15773
Castilla La Mancha;Ciudad Real;Villarrubia de los Ojos;39.21914;-3.607883;629.3639;11191;5670;5521
Castilla La Mancha;Cuenca;Cuenca;40.07183;-2.134005;930.4124;55866;27006;28860
Castilla La Mancha;Cuenca;Tarancón;40.01054;-3.006447;817.9774;15651;7854;7797
Castilla La Mancha;Guadalajara;Alovera;40.5967;-3.248165;648.2296;10734;5522;5212
Castilla La Mancha;Guadalajara;Azuqueca de Henares;40.56503;-3.268549;633.6434;32744;16936;15808
Castilla La Mancha;Guadalajara;Casar (El);40.7035;-3.423473;829.6438;10031;5192;4839
Castilla La Mancha;Guadalajara;Guadalajara;40.62981;-3.166493;714.2177;83039;40999;42040
Castilla La Mancha;Toledo;Consuegra;39.46046;-3.60672;709.5399;10932;5537;5395
Castilla La Mancha;Toledo;Fuensalida;40.05297;-4.209178;595.3815;10967;5648;5319
Castilla La Mancha;Toledo;Illescas;40.12416;-3.849206;592.8992;21264;10854;10410
Castilla La Mancha;Toledo;Madridejos;39.46688;-3.523135;688.0627;11404;5761;5643
Castilla La Mancha;Toledo;Mora;39.68426;-3.773487;722.1462;10554;5398;5156
Castilla La Mancha;Toledo;Quintanar de la Orden;39.59079;-3.042736;696;12736;6595;6141
Castilla La Mancha;Toledo;Seseña;40.10443;-3.697418;612.9283;16231;8493;7738
Castilla La Mancha;Toledo;Sonseca;39.67621;-3.973744;759.9934;11265;5749;5516
Castilla La Mancha;Toledo;Talavera de la Reina;39.9598;-4.834432;373.9266;88856;43540;45316
Castilla La Mancha;Toledo;Toledo;39.85678;-4.024476;524.0618;82291;39497;42794
Castilla La Mancha;Toledo;Torrijos;39.98128;-4.284419;531.6115;13117;6599;6518
Castilla La Mancha;Toledo;Villacañas;39.62555;-3.331701;667.0467;10645;5349;5296
Castilla León;Ávila;Ávila;40.65642;-4.700323;1129.841;56855;27485;29370
Castilla León;Burgos;Aranda de Duero;41.67171;-3.686569;805.1658;32928;16444;16484
Castilla León;Burgos;Burgos;42.34087;-3.699731;865.8016;178966;86417;92549
Castilla León;Burgos;Miranda de Ebro;42.68734;-2.947593;465.1602;39264;19839;19425
Castilla León;León;Astorga;42.4589;-6.063526;877.6437;12078;5760;6318
Castilla León;León;Bañeza (La);42.29755;-5.90192;779.588;11057;5335;5722
Castilla León;León;Bembibre;42.61572;-6.416451;650.2163;10071;4981;5090
Castilla León;León;León;42.59988;-5.571752;841.3373;134305;61823;72482
Castilla León;León;Ponferrada;42.54633;-6.590833;537.8424;68736;33329;35407
Castilla León;León;San Andrés del Rabanedo;42.61139;-5.619493;855.3212;30906;15042;15864
Castilla León;León;Villablino;42.93821;-6.320078;989.2762;10660;5291;5369
Castilla León;León;Villaquilambre;42.63885;-5.557585;864.2917;17013;8494;8519
Castilla León;Palencia;Palencia;42.01246;-4.531175;745.8375;82651;39218;43433
Castilla León;Salamanca;Béjar;40.38356;-5.766045;946.3267;15007;7146;7861
Castilla León;Salamanca;Ciudad Rodrigo;40.59715;-6.522775;642.403;14080;6844;7236
Castilla León;Salamanca;Salamanca;40.96497;-5.663047;802.7915;155619;72048;83571
Castilla León;Salamanca;Santa Marta de Tormes;40.95005;-5.633373;779.7791;14630;7310;7320
Castilla León;Segovia;Segovia;40.94943;-4.119209;1012.785;56660;27415;29245
Castilla León;Soria;Soria;41.7636;-2.464921;1064.823;39528;18936;20592
Castilla León;Valladolid;Arroyo de la Encomienda;41.60952;-4.796458;693.9595;11716;6014;5702
Castilla León;Valladolid;Laguna de Duero;41.58331;-4.721731;704.4346;21762;11017;10745
Castilla León;Valladolid;Medina del Campo;41.30819;-4.921706;723.588;21540;10523;11017
Castilla León;Valladolid;Valladolid;41.65295;-4.728388;699.4927;317864;151570;166294
Castilla León;Zamora;Benavente;42.00302;-5.67408;723.4604;19119;9356;9763
Castilla León;Zamora;Zamora;41.50368;-5.743778;657.1658;66293;31380;34913
Catalunya;Barcelona;Abrera;41.51609;1.902142;109.4215;11521;5974;5547
Catalunya;Barcelona;Arenys de Mar;41.57944;2.55148;13.99495;14627;7166;7461
Catalunya;Barcelona;Argentona;41.55555;2.400564;92.69514;11633;5784;5849
Catalunya;Barcelona;Badalona;41.45014;2.24742;16.7426;219547;110185;109362
Catalunya;Barcelona;Badia del Vallès;41.50871;2.114864;122.4438;13679;6744;6935
Catalunya;Barcelona;Barberà del Vallès;41.51596;2.124723;142.2961;31144;15544;15600
Catalunya;Barcelona;Barcelona;41.38792;2.169919;19.99069;1621537;771570;849967
Catalunya;Barcelona;Berga;42.10144;1.8438;717.4442;17160;8587;8573
Catalunya;Barcelona;Caldes de Montbui;41.62976;2.165922;207.0234;16885;8479;8406
Catalunya;Barcelona;Calella;41.6134;2.657365;11.84439;18627;9225;9402
Catalunya;Barcelona;Canet de Mar;41.58897;2.581924;20.65502;13548;6704;6844
Catalunya;Barcelona;Canovelles;41.61582;2.283456;152.383;16023;8442;7581
Catalunya;Barcelona;Cardedeu;41.63816;2.354492;195.9439;16596;8182;8414
Catalunya;Barcelona;Castellar del Vallès;41.61618;2.085649;326.716;23002;11448;11554
Catalunya;Barcelona;Castellbisbal;41.47467;1.981407;155.6016;11977;6169;5808
Catalunya;Barcelona;Castelldefels;41.28039;1.976774;11.07469;62080;31116;30964
Catalunya;Barcelona;Cerdanyola del Vallès;41.49137;2.140769;87.2362;58747;29070;29677
Catalunya;Barcelona;Corbera de Llobregat;41.41764;1.932827;247.6125;13843;7007;6836
Catalunya;Barcelona;Cornellà de Llobregat;41.35561;2.070432;34.61025;86519;42953;43566
Catalunya;Barcelona;Cubelles;41.20835;1.672825;17.76687;13711;6970;6741
Catalunya;Barcelona;Esparreguera;41.53889;1.870692;186.3232;21855;11213;10642
Catalunya;Barcelona;Esplugues de Llobregat;41.37751;2.088085;102.3782;46862;22885;23977
Catalunya;Barcelona;Franqueses del Vallès (Les);41.61889;2.298056;193.2448;17660;9071;8589
Catalunya;Barcelona;Garriga (La);41.68537;2.285918;254.3281;14991;7266;7725
Catalunya;Barcelona;Gavà;41.30317;2.003213;17.60962;45994;22837;23157
Catalunya;Barcelona;Granollers;41.60821;2.287789;153.9423;60658;30504;30154
Catalunya;Barcelona;Hospitalet de Llobregat (L');41.35958;2.099704;15.67791;257038;126459;130579
Catalunya;Barcelona;Igualada;41.57877;1.617193;324.2647;38918;19325;19593
Catalunya;Barcelona;Llagosta (La);41.51321;2.193246;54.71911;13820;6971;6849
Catalunya;Barcelona;Lliçà d'Amunt;41.60865;2.239443;130.7585;14143;7223;6920
Catalunya;Barcelona;Malgrat de Mar;41.64655;2.741634;9.097663;18472;9206;9266
Catalunya;Barcelona;Manlleu;41.99995;2.284165;453.0776;20647;10459;10188
Catalunya;Barcelona;Manresa;41.72517;1.823353;236.034;76558;37784;38774
Catalunya;Barcelona;Martorell;41.47355;1.927682;66.23137;26681;13833;12848
Catalunya;Barcelona;Masnou (El);41.47931;2.319244;10.36085;22288;10709;11579
Catalunya;Barcelona;Mataró;41.5375;2.445278;20.37009;121722;60975;60747
Catalunya;Barcelona;Molins de Rei;41.41392;2.015836;33.16643;24067;11753;12314
Catalunya;Barcelona;Mollet del Vallès;41.54052;2.213529;74.09034;52484;26445;26039
Catalunya;Barcelona;Montcada i Reixac;41.48231;2.188504;37.0056;33453;16668;16785
Catalunya;Barcelona;Montgat;41.46645;2.279088;22.97567;10270;5052;5218
Catalunya;Barcelona;Montornès del Vallès;41.54255;2.263779;100.0693;15509;8002;7507
Catalunya;Barcelona;Olesa de Montserrat;41.5434;1.888153;105.909;23301;11778;11523
Catalunya;Barcelona;Palau-solità i Plegamans;41.58862;2.179233;137.2143;14070;7063;7007
Catalunya;Barcelona;Pallejà;41.42372;1.996701;43.74018;11134;5632;5502
Catalunya;Barcelona;Parets del Vallès;41.57355;2.233794;97.48323;17632;8969;8663
Catalunya;Barcelona;Piera;41.51797;1.743268;282.576;14324;7323;7001
Catalunya;Barcelona;Pineda de Mar;41.62751;2.689454;12.10963;26203;13335;12868
Catalunya;Barcelona;Prat de Llobregat (El);41.33047;2.093149;10.36917;63418;31601;31817
Catalunya;Barcelona;Premià de Mar;41.48958;2.356536;13.17984;27399;13567;13832
Catalunya;Barcelona;Ripollet;41.49736;2.155674;81.84142;37088;18787;18301
Catalunya;Barcelona;Roca del Vallès (La);41.59053;2.326258;131.0679;10214;5170;5044
Catalunya;Barcelona;Rubí;41.49233;2.031262;133.4794;72987;36694;36293
Catalunya;Barcelona;Sabadell;41.54862;2.107421;198.7852;206493;101295;105198
Catalunya;Barcelona;Sant Adrià de Besòs;41.4306;2.218239;18.77083;33761;16622;17139
Catalunya;Barcelona;Sant Andreu de la Barca;41.44718;1.975935;48.89596;26401;13423;12978
Catalunya;Barcelona;Sant Andreu de Llavaneres;41.57237;2.482367;112.0381;10181;5083;5098
Catalunya;Barcelona;Sant Boi de Llobregat;41.34739;2.043103;22.73825;82428;40937;41491
Catalunya;Barcelona;Sant Celoni;41.69019;2.49167;157.3233;16860;8441;8419
Catalunya;Barcelona;Sant Cugat del Vallès;41.47186;2.082139;130.2749;79253;38789;40464
Catalunya;Barcelona;Sant Feliu de Llobregat;41.38094;2.045171;31.72373;42919;20937;21982
Catalunya;Barcelona;Sant Joan de Vilatorrada;41.74549;1.805543;228.8402;10779;5472;5307
Catalunya;Barcelona;Sant Joan Despí;41.36769;2.056065;20.53358;32030;15701;16329
Catalunya;Barcelona;Sant Just Desvern;41.38576;2.075544;122.1042;15811;7549;8262
Catalunya;Barcelona;Sant Pere de Ribes;41.2591;1.775418;45.06723;28353;14365;13988
Catalunya;Barcelona;Sant Quirze del Vallès;41.5308;2.086581;165.9138;18462;9107;9355
Catalunya;Barcelona;Sant Sadurní d'Anoia;41.42535;1.785673;168.4416;12237;6067;6170
Catalunya;Barcelona;Sant Vicenç dels Horts;41.39362;2.00987;32.74398;27701;13897;13804
Catalunya;Barcelona;Santa Coloma de Gramenet;41.45107;2.208978;37.66038;119717;60889;58828
Catalunya;Barcelona;Santa Perpètua de Mogoda;41.53486;2.178988;81.15939;25048;12889;12159
Catalunya;Barcelona;Sitges;41.23478;1.811222;9.967733;27668;13801;13867
Catalunya;Barcelona;Terrassa;41.56095;2.01044;285.6018;210941;105046;105895
Catalunya;Barcelona;Tordera;41.70206;2.71902;31.37682;15345;7865;7480
Catalunya;Barcelona;Torelló;42.04824;2.26272;507.7611;13808;6869;6939
Catalunya;Barcelona;Vallirana;41.38872;1.932255;184.8448;14066;7033;7033
Catalunya;Barcelona;Vic;41.93029;2.25435;505.4679;39844;19940;19904
Catalunya;Barcelona;Viladecans;41.31601;2.020199;19.77518;63489;31891;31598
Catalunya;Barcelona;Vilafranca del Penedès;41.34509;1.699849;230.5926;38425;19145;19280
Catalunya;Barcelona;Vilanova del Camí;41.57373;1.642982;313.7972;12649;6419;6230
Catalunya;Barcelona;Vilanova i la Geltrú;41.22415;1.725568;25.03975;65890;32431;33459
Catalunya;Barcelona;Vilassar de Mar;41.50181;2.390873;10.80674;19482;9453;10029
Catalunya;Girona;Banyoles;42.11812;2.764747;180.4805;18327;9187;9140
Catalunya;Girona;Bisbal d'Empordà (La);41.96022;3.040184;41.58906;10385;5285;5100
Catalunya;Girona;Blanes;41.67427;2.792096;12.55464;40047;20297;19750
Catalunya;Girona;Calonge;41.86162;3.072578;23.04924;10637;5376;5261
Catalunya;Girona;Castell-Platja d'Aro;41.818;3.067004;8.264905;10376;5278;5098
Catalunya;Girona;Castelló d'Empúries;42.25826;3.074442;19.59589;12111;6273;5838
Catalunya;Girona;Escala (L');42.12479;3.132396;19.85101;10140;5208;4932
Catalunya;Girona;Figueres;42.2675;2.96084;44.94663;43330;21689;21641
Catalunya;Girona;Girona;41.9818;2.8237;69.02268;96188;47161;49027
Catalunya;Girona;Lloret de Mar;41.69878;2.847584;14.34469;39363;20879;18484
Catalunya;Girona;Olot;42.18211;2.488189;445.0352;33524;16856;16668
Catalunya;Girona;Palafrugell;41.91719;3.163817;68.42641;22365;11301;11064
Catalunya;Girona;Palamós;41.84676;3.128636;14.00687;18161;8982;9179
Catalunya;Girona;Ripoll;42.20079;2.190623;696.5365;11057;5477;5580
Catalunya;Girona;Roses;42.26297;3.174805;6.046805;20197;10298;9899
Catalunya;Girona;Salt;41.97416;2.792586;87.70262;29985;16132;13853
Catalunya;Girona;Sant Feliu de Guíxols;41.78058;3.030733;9.581546;21977;10997;10980
Catalunya;Girona;Santa Coloma de Farners;41.86081;2.667772;140.2747;11739;6057;5682
Catalunya;Girona;Torroella de Montgrí;42.04318;3.126361;31.4563;11598;5880;5718
Catalunya;Lleida;Balaguer;41.7897;0.805238;227.2513;16779;8564;8215
Catalunya;Lleida;Lleida;41.61415;0.6257825;166.4499;135919;67790;68129
Catalunya;Lleida;Mollerussa;41.63004;0.8941285;255.1743;14319;7453;6866
Catalunya;Lleida;Seu d'Urgell (La);42.3567;1.459659;687.3732;13063;6452;6611
Catalunya;Lleida;Tàrrega;41.64686;1.139215;382.5588;16539;8335;8204
Catalunya;Tarragona;Alcanar;40.54484;0.4811905;76.73789;10570;5434;5136
Catalunya;Tarragona;Amposta;40.71231;0.579972;13.08101;21240;10821;10419
Catalunya;Tarragona;Calafell;41.20056;1.568441;49.04614;24265;12368;11897
Catalunya;Tarragona;Cambrils;41.06705;1.056419;8.722612;31720;15861;15859
Catalunya;Tarragona;Cunit;41.19884;1.636739;13.48558;12279;6268;6011
Catalunya;Tarragona;Deltebre;40.71944;0.7083474;3;11751;6003;5748
Catalunya;Tarragona;Mont-roig del Camp;41.08556;0.9616579;99.48418;11847;6185;5662
Catalunya;Tarragona;Reus;41.15482;1.108676;127.8296;107118;53182;53936
Catalunya;Tarragona;Salou;41.07677;1.144041;5.432057;26649;14429;12220
Catalunya;Tarragona;Sant Carles de la Ràpita;40.6202;0.5928925;12.03284;15511;7767;7744
Catalunya;Tarragona;Tarragona;41.11866;1.24533;26.26264;140323;69512;70811
Catalunya;Tarragona;Torredembarra;41.14452;1.3971;20.92576;15272;7641;7631
Catalunya;Tarragona;Tortosa;40.811;0.5209974;15.76711;35143;17905;17238
Catalunya;Tarragona;Valls;41.28728;1.251579;226.6943;25092;12672;12420
Catalunya;Tarragona;Vendrell (El);41.22042;1.534845;55.17534;35821;18039;17782
Catalunya;Tarragona;Vila-seca;41.11095;1.145001;46.76463;20866;10671;10195
Ceuta y Melilla;Ceuta;Ceuta;35.88829;-5.316195;13.47725;78674;40118;38556
Ceuta y Melilla;Melilla;Melilla;35.29234;-2.938794;10.3337;73460;37244;36216
Extremadura;Badajoz;Almendralejo;38.68982;-6.405679;336.7314;33588;16973;16615
Extremadura;Badajoz;Badajoz;38.8786;-6.970284;192.0375;148334;72085;76249
Extremadura;Badajoz;Don Benito;38.9543;-5.861752;286.0323;35791;17696;18095
Extremadura;Badajoz;Jerez de los Caballeros;38.31935;-6.771007;486.1686;10237;5278;4959
Extremadura;Badajoz;Mérida;38.91586;-6.345606;227.433;56395;27555;28840
Extremadura;Badajoz;Montijo;38.90995;-6.617333;203.0528;16236;8076;8160
Extremadura;Badajoz;Olivenza;38.68164;-7.101516;258.1104;11852;5933;5919
Extremadura;Badajoz;Villafranca de los Barros;38.5623;-6.337831;424.6475;13356;6619;6737
Extremadura;Badajoz;Villanueva de la Serena;38.97399;-5.800302;298.9061;25838;12666;13172
Extremadura;Badajoz;Zafra;38.4258;-6.416446;517.2546;16424;7949;8475
Extremadura;Cáceres;Cáceres;39.47618;-6.37076;434.6162;93131;44789;48342
Extremadura;Cáceres;Coria;39.98358;-6.539727;239.4233;12896;6376;6520
Extremadura;Cáceres;Miajadas;39.15122;-5.907261;299.2762;10338;5114;5224
Extremadura;Cáceres;Navalmoral de la Mata;39.88757;-5.560554;315.4144;17228;8471;8757
Extremadura;Cáceres;Plasencia;40.0305;-6.088251;366.9232;41148;20102;21046
Galicia;A Coruña;Ames;42.9;-8.633333;216.3797;26983;13079;13904
Galicia;A Coruña;Arteixo;43.30451;-8.511387;36.12324;29762;14906;14856
Galicia;A Coruña;Betanzos;43.28106;-8.211315;30.77564;13680;6530;7150
Galicia;A Coruña;Boiro;42.65;-8.9;39.57637;18883;9191;9692
Galicia;A Coruña;Cambre;43.29416;-8.34498;59.3171;23231;11426;11805
Galicia;A Coruña;Carballo;43.21217;-8.691041;108.2141;30990;15129;15861
Galicia;A Coruña;Coruña (A);43.37087;-8.395835;16.76067;246056;114498;131558
Galicia;A Coruña;Culleredo;43.31584;-8.384923;60.64721;28227;13759;14468
Galicia;A Coruña;Fene;43.47521;-8.165961;31.51714;14165;6830;7335
Galicia;A Coruña;Ferrol;43.48839;-8.222509;17.92745;74273;34876;39397
Galicia;A Coruña;Laracha (A);43.25232;-8.584469;165.5166;11171;5456;5715
Galicia;A Coruña;Narón;43.53705;-8.180766;54.86041;37712;18343;19369
Galicia;A Coruña;Noia;42.78525;-8.888309;14.17139;14970;7178;7792
Galicia;A Coruña;Oleiros;43.3335;-8.313619;121.4051;33443;16205;17238
Galicia;A Coruña;Ordes;43.07674;-8.407746;287.7448;12757;6264;6493
Galicia;A Coruña;Pontes de García Rodríguez (As;43.44582;-7.849446;346.5103;11431;5704;5727
Galicia;A Coruña;Rianxo;42.65199;-8.81842;12.18667;11769;5744;6025
Galicia;A Coruña;Ribeira;42.57627;-9.023945;9.570827;27518;13639;13879
Galicia;A Coruña;Sada;43.35093;-8.254611;8.367744;14487;7148;7339
Galicia;A Coruña;Santa Comba;43.0477;-8.814226;357.9261;10487;5059;5428
Galicia;A Coruña;Santiago de Compostela;42.88045;-8.546304;250.5518;95092;44320;50772
Galicia;A Coruña;Teo;42.80227;-8.586169;210.1551;17807;8710;9097
Galicia;Lugo;Lugo;43.01208;-7.555851;468.2347;96678;45165;51513
Galicia;Lugo;Monforte de Lemos;42.5185;-7.510688;299.166;19546;9380;10166
Galicia;Lugo;Sarria;42.77766;-7.414474;447.6552;13508;6605;6903
Galicia;Lugo;Vilalba;43.29541;-7.684412;452.9068;15437;7576;7861
Galicia;Lugo;Viveiro;43.66143;-7.594532;21.87932;16238;7995;8243
Galicia;Ourense;Barco de Valdeorras (O);42.41542;-6.98196;324.8651;14213;7029;7184
Galicia;Ourense;Carballiño (O);42.42981;-8.077559;401.1974;14114;6631;7483
Galicia;Ourense;Ourense;42.34001;-7.864641;144.5574;107742;49824;57918
Galicia;Ourense;Verín;41.94045;-7.439122;387.786;14391;7105;7286
Galicia;Ourense;Xinzo de Limia;42.06366;-7.724412;624.355;10161;5005;5156
Galicia;Pontevedra;Baiona;42.11809;-8.84958;21.20054;12091;6000;6091
Galicia;Pontevedra;Bueu;42.31977;-8.790135;44.66146;12331;6066;6265
Galicia;Pontevedra;Caldas de Reis;42.6055;-8.643308;27.27038;10036;4887;5149
Galicia;Pontevedra;Cambados;42.5138;-8.812893;14.76714;13708;6693;7015
Galicia;Pontevedra;Cangas;42.26471;-8.782845;10.73197;25748;12753;12995
Galicia;Pontevedra;Estrada (A);42.68958;-8.491302;302.9033;21880;10418;11462
Galicia;Pontevedra;Gondomar;42.11078;-8.761466;17.18025;13841;6816;7025
Galicia;Pontevedra;Grove (O);42.49366;-8.865339;14.24437;11250;5545;5705
Galicia;Pontevedra;Guarda (A);41.90252;-8.873672;41.92845;10425;5088;5337
Galicia;Pontevedra;Lalín;42.66137;-8.110957;557.2646;21254;10403;10851
Galicia;Pontevedra;Marín;42.39147;-8.699853;19.78863;25969;13000;12969
Galicia;Pontevedra;Moaña;42.28551;-8.749413;129.5525;19014;9340;9674
Galicia;Pontevedra;Mos;42.19545;-8.654388;212.5747;14650;7167;7483
Galicia;Pontevedra;Nigrán;42.1452;-8.807062;56.04147;18021;8875;9146
Galicia;Pontevedra;Poio;42.44446;-8.715083;195.026;16043;7903;8140
Galicia;Pontevedra;Ponteareas;42.17637;-8.502382;41.39864;23172;11325;11847
Galicia;Pontevedra;Pontevedra;42.43362;-8.648053;18.60786;81576;38662;42914
Galicia;Pontevedra;Porriño (O);42.16036;-8.619299;40.00508;17475;8585;8890
Galicia;Pontevedra;Redondela;42.28379;-8.607425;15.94175;30001;14684;15317
Galicia;Pontevedra;Sanxenxo;42.39948;-8.806928;7.093974;17315;8511;8804
Galicia;Pontevedra;Tomiño;41.98744;-8.745583;40.81437;13315;6686;6629
Galicia;Pontevedra;Tui;42.04621;-8.643768;43.46014;17262;8299;8963
Galicia;Pontevedra;Vigo;42.23136;-8.712447;104.1391;297332;141720;155612
Galicia;Pontevedra;Vilagarcía de Arousa;42.59387;-8.765963;11.04834;37576;18110;19466
Galicia;Pontevedra;Vilanova de Arousa;42.56221;-8.82772;5.737418;10719;5203;5516
Islas Baleares;Illes Balears;Alcúdia;39.85231;3.122027;15.67431;19071;9704;9367
Islas Baleares;Illes Balears;Andratx;39.5708;2.421365;60.20264;11685;5898;5787
Islas Baleares;Illes Balears;Calvià;39.56524;2.504216;114.0867;51774;26096;25678
Islas Baleares;Illes Balears;Capdepera;39.70133;3.435561;117.9911;11911;6059;5852
Islas Baleares;Illes Balears;Ciutadella de Menorca;40.00232;3.839262;26.66946;29160;14591;14569
Islas Baleares;Illes Balears;Eivissa;38.90886;1.432378;9.813921;48684;25131;23553
Islas Baleares;Illes Balears;Felanitx;39.46876;3.148028;116.2949;18270;9489;8781
Islas Baleares;Illes Balears;Inca;39.71875;2.915544;116.5367;29308;14965;14343
Islas Baleares;Illes Balears;Llucmajor;39.48591;2.89485;138.0817;36078;18343;17735
Islas Baleares;Illes Balears;Manacor;39.57434;3.20142;75.37592;40548;20494;20054
Islas Baleares;Illes Balears;Maó;39.88961;4.264211;39.57444;29125;14453;14672
Islas Baleares;Illes Balears;Marratxí;39.64213;2.752193;125.666;33348;16855;16493
Islas Baleares;Illes Balears;Palma;39.56951;2.649966;31.92724;401270;197436;203834
Islas Baleares;Illes Balears;Pobla (Sa);39.77052;3.016888;24.64385;12766;6578;6188
Islas Baleares;Illes Balears;Pollença;39.87775;3.017193;49.42315;17260;8720;8540
Islas Baleares;Illes Balears;Sant Antoni de Portmany;38.98012;1.306587;4.347667;21852;11489;10363
Islas Baleares;Illes Balears;Sant Josep de sa Talaia;38.92173;1.293443;201.3573;22171;11595;10576
Islas Baleares;Illes Balears;Santa Eulalia del Río;38.98257;1.530198;13.57007;31314;16093;15221
Islas Baleares;Illes Balears;Santa Margalida;39.70306;3.103551;80.91718;11537;5962;5575
Islas Baleares;Illes Balears;Santanyí;39.35489;3.127745;62.64299;12664;6457;6207
Islas Baleares;Illes Balears;Sóller;39.76583;2.714238;42.06099;13942;7049;6893
Islas Baleares;Illes Balears;Son Servera;39.62423;3.356735;73.98268;12215;6179;6036
La Rioja;La Rioja;Arnedo;42.22784;-2.100014;529.8414;14457;7256;7201
La Rioja;La Rioja;Calahorra;42.30372;-1.965034;350.8057;24787;12329;12458
La Rioja;La Rioja;Haro;42.57721;-2.846298;478.9891;12261;6498;5763
La Rioja;La Rioja;Logroño;42.46577;-2.449995;396.4728;152107;73813;78294
Madrid;Madrid;Alcalá de Henares;40.48166;-3.364136;593.7416;204574;102436;102138
Madrid;Madrid;Alcobendas;40.54754;-3.642091;694.4304;109104;53141;55963
Madrid;Madrid;Alcorcón;40.34912;-3.828811;717.5549;167967;82705;85262
Madrid;Madrid;Algete;40.59642;-3.497902;712.8972;20204;10096;10108
Madrid;Madrid;Alpedrete;40.65875;-4.023713;916.7029;12797;6384;6413
Madrid;Madrid;Aranjuez;40.03209;-3.603288;502.3892;54055;26606;27449
Madrid;Madrid;Arganda del Rey;40.30095;-3.43808;626.9236;51489;26585;24904
Madrid;Madrid;Arroyomolinos;40.26884;-3.920291;597.4142;13835;7074;6761
Madrid;Madrid;Boadilla del Monte;40.40525;-3.876992;673.7737;43414;21305;22109
Madrid;Madrid;Ciempozuelos;40.15934;-3.6184;580.2641;22132;11240;10892
Madrid;Madrid;Collado Villalba;40.62725;-4.008587;875.7213;55027;27233;27794
Madrid;Madrid;Colmenar Viejo;40.65895;-3.766043;880.6345;43700;21769;21931
Madrid;Madrid;Coslada;40.42594;-3.565464;628.7247;90280;45394;44886
Madrid;Madrid;Escorial (El);40.58508;-4.12952;915.7729;14979;7368;7611
Madrid;Madrid;Fuenlabrada;40.28387;-3.800329;679.0076;197836;99797;98039
Madrid;Madrid;Galapagar;40.57736;-4.00357;884.4304;31820;15936;15884
Madrid;Madrid;Getafe;40.30498;-3.732677;632.1449;167164;82971;84193
Madrid;Madrid;Guadarrama;40.67348;-4.090732;965.5875;14800;7302;7498
Madrid;Madrid;Humanes de Madrid;40.24954;-3.827206;675.6912;18098;9296;8802
Madrid;Madrid;Leganés;40.32642;-3.758988;658.15;186066;92158;93908
Madrid;Madrid;Madrid;40.41669;-3.700346;653.0047;3255944;1532079;1723865
Madrid;Madrid;Majadahonda;40.47283;-3.872304;743.4514;68110;32520;35590
Madrid;Madrid;Meco;40.5542;-3.328439;670.2038;12419;6370;6049
Madrid;Madrid;Mejorada del Campo;40.39701;-3.487864;580.1962;22488;11303;11185
Madrid;Madrid;Moralzarzal;40.68117;-3.97335;982.0547;11582;5815;5767
Madrid;Madrid;Móstoles;40.32277;-3.865741;665.2133;206478;102781;103697
Madrid;Madrid;Navalcarnero;40.28781;-4.013766;672.8241;21584;10832;10752
Madrid;Madrid;Paracuellos de Jarama;40.50481;-3.53227;692.0413;14329;7340;6989
Madrid;Madrid;Parla;40.23754;-3.772741;651.0903;115611;59359;56252
Madrid;Madrid;Pinto;40.24454;-3.696013;609.3594;43501;21865;21636
Madrid;Madrid;Pozuelo de Alarcón;40.4352;-3.813062;697.1177;82428;39587;42841
Madrid;Madrid;Rivas-Vaciamadrid;40.3297;-3.516941;560.5495;68405;34291;34114
Madrid;Madrid;Rozas de Madrid (Las);40.31007;-4.490765;876.1035;86340;41917;44423
Madrid;Madrid;San Agustín del Guadalix;40.67867;-3.615861;667.7155;11133;5562;5571
Madrid;Madrid;San Fernando de Henares;40.42553;-3.536694;591.3853;40981;20484;20497
Madrid;Madrid;San Lorenzo de El Escorial;40.59167;-4.149123;1052.468;17889;8568;9321
Madrid;Madrid;San Martín de la Vega;40.2078;-3.568544;517.0689;18256;9526;8730
Madrid;Madrid;San Sebastián de los Reyes;40.54751;-3.626394;681.644;75912;37284;38628
Madrid;Madrid;Torrejón de Ardoz;40.4589;-3.479771;591.0876;118162;59640;58522
Madrid;Madrid;Torrelodones;40.57628;-3.929452;847.145;21781;10603;11178
Madrid;Madrid;Tres Cantos;40.59907;-3.712258;744.3729;41064;20018;21046
Madrid;Madrid;Valdemorillo;40.50208;-4.065841;820.9337;11045;5713;5332
Madrid;Madrid;Valdemoro;40.19269;-3.679874;612.726;62750;31546;31204
Madrid;Madrid;Velilla de San Antonio;40.36703;-3.488029;555.8903;11553;5901;5652
Madrid;Madrid;Villanueva de la Cañada;40.44681;-4.005355;655.8425;16804;8152;8652
Madrid;Madrid;Villanueva del Pardillo;40.49063;-3.964322;653.1323;15087;7403;7684
Madrid;Madrid;Villaviciosa de Odón;40.3571;-3.90059;647.7311;26475;12917;13558
Murcia;Murcia;Abarán;38.20514;-1.397181;200.7275;12991;6536;6455
Murcia;Murcia;Águilas;37.4038;-1.581161;8.231929;34533;17426;17107
Murcia;Murcia;Alcantarilla;37.97068;-1.218209;73.48013;41084;20484;20600
Murcia;Murcia;Alcázares (Los);37.74362;-0.8498135;2.761286;15619;8094;7525
Murcia;Murcia;Alhama de Murcia;37.85101;-1.424666;201.4063;19860;10152;9708
Murcia;Murcia;Archena;38.11435;-1.297061;105.1455;18202;9438;8764
Murcia;Murcia;Beniel;38.04591;-1.001894;31.7415;10933;5662;5271
Murcia;Murcia;Bullas;38.04808;-1.670956;647.6263;12493;6361;6132
Murcia;Murcia;Calasparra;38.22923;-1.701833;356.5284;10759;5456;5303
Murcia;Murcia;Caravaca de la Cruz;38.10899;-1.866033;636.1376;26415;13280;13135
Murcia;Murcia;Cartagena;37.60565;-0.9912944;11.15692;211996;106755;105241
Murcia;Murcia;Cehegín;38.09269;-1.798522;540.0687;16235;8216;8019
Murcia;Murcia;Ceutí;38.07917;-1.272099;93.69875;10174;5179;4995
Murcia;Murcia;Cieza;38.23907;-1.418767;189.8739;35200;17666;17534
Murcia;Murcia;Fuente Álamo de Murcia;37.72334;-1.166995;131.1901;14876;7861;7015
Murcia;Murcia;Jumilla;38.47595;-1.322032;502.642;25685;13367;12318
Murcia;Murcia;Lorca;37.67131;-1.698792;336.2687;91906;47784;44122
Murcia;Murcia;Mazarrón;37.59907;-1.313669;65.57575;35221;18579;16642
Murcia;Murcia;Molina de Segura;38.05092;-1.210992;94.52602;64065;32194;31871
Murcia;Murcia;Mula;38.04056;-1.486329;295.3519;16941;8726;8215
Murcia;Murcia;Murcia;37.98344;-1.12989;51.07087;436870;216744;220126
Murcia;Murcia;Puerto Lumbreras;37.56221;-1.810215;470.1874;13947;7008;6939
Murcia;Murcia;San Javier;37.80569;-0.8345491;26.81056;31432;16114;15318
Murcia;Murcia;San Pedro del Pinatar;37.83504;-0.7915859;16.43622;23738;12053;11685
Murcia;Murcia;Santomera;38.05997;-1.047485;39.86995;15319;7778;7541
Murcia;Murcia;Torre-Pacheco;37.74428;-0.9536195;41.09187;31495;16592;14903
Murcia;Murcia;Torres de Cotillas (Las);38.02786;-1.240312;86.27866;21062;10892;10170
Murcia;Murcia;Totana;37.77124;-1.501004;259.0672;29211;15059;14152
Murcia;Murcia;Unión (La);37.61675;-0.8800824;112.227;17737;8906;8831
Murcia;Murcia;Yecla;38.61524;-1.118017;604.7735;35025;17668;17357
Navarra;Navarra;Ansoáin;42.83389;-1.638431;429.1146;10500;5288;5212
Navarra;Navarra;Barañain;42.80492;-1.685519;436.32;22110;10930;11180
Navarra;Navarra;Burlada/Burlata;42.826;-1.615548;436.4857;18595;9185;9410
Navarra;Navarra;Egüés;42.82426;-1.552572;503.538;10787;5437;5350
Navarra;Navarra;Estella/Lizarra;42.67093;-2.031197;428.2558;14238;6959;7279
Navarra;Navarra;Pamplona/Iruña;42.81721;-1.646767;458.1406;198491;95145;103346
Navarra;Navarra;Tafalla;42.53033;-1.674269;433.6423;11394;5669;5725
Navarra;Navarra;Tudela;42.06388;-1.605718;268.958;34717;17311;17406
Navarra;Navarra;Villava/Atarrabia;42.83096;-1.608811;434.213;10642;5305;5337
Navarra;Navarra;Zizur Mayor/Zizur Nagusia;42.7868;-1.690832;441.8872;13345;6616;6729
País Vasco;Álava;Amurrio;43.05265;-3.001022;219.691;10089;5069;5020
País Vasco;Álava;Laudio/Llodio;43.14333;-2.962985;127.9116;18314;9058;9256
País Vasco;Álava;Vitoria-Gasteiz;42.84641;-2.667893;534.3582;235661;116278;119383
País Vasco;Guipúzcoa;Andoain;43.22048;-2.021122;73.38616;14679;7363;7316
País Vasco;Guipúzcoa;Arrasate/Mondragón;43.06451;-2.487716;211.2374;22064;10952;11112
País Vasco;Guipúzcoa;Azkoitia;43.1782;-2.31164;114.0646;11266;5683;5583
País Vasco;Guipúzcoa;Azpeitia;43.1839;-2.265466;85.31001;14375;7255;7120
País Vasco;Guipúzcoa;Beasain;43.04708;-2.204605;157.5788;13557;6888;6669
País Vasco;Guipúzcoa;Bergara;43.11822;-2.413358;157.6092;14707;7329;7378
País Vasco;Guipúzcoa;Donostia-San Sebastián;43.32074;-1.984421;6.746843;185357;86935;98422
País Vasco;Guipúzcoa;Eibar;43.18418;-2.473289;130.9591;27419;13337;14082
País Vasco;Guipúzcoa;Elgoibar;43.21519;-2.415703;50.11758;11220;5640;5580
País Vasco;Guipúzcoa;Errenteria;43.31275;-1.899633;10.49794;38767;19009;19758
País Vasco;Guipúzcoa;Hernani;43.26755;-1.975814;35.97763;19289;9527;9762
País Vasco;Guipúzcoa;Hondarribia;43.36253;-1.791498;16.01497;16458;8257;8201
País Vasco;Guipúzcoa;Irun;43.33823;-1.789272;25.16919;60951;29878;31073
País Vasco;Guipúzcoa;Lasarte-Oria;43.26746;-2.020169;19.10768;17782;8805;8977
País Vasco;Guipúzcoa;Oñati;43.03289;-2.411348;246.6335;10896;5403;5493
País Vasco;Guipúzcoa;Pasaia;43.32528;-1.921111;0;15990;7705;8285
País Vasco;Guipúzcoa;Tolosa;43.13698;-2.073914;80.21484;18044;8709;9335
País Vasco;Guipúzcoa;Zarautz;43.28036;-2.171588;4.358158;22627;11122;11505
País Vasco;Guipúzcoa;Zumarraga;43.09048;-2.31322;356.2693;10104;5015;5089
País Vasco;Vizcaya;Amorebieta-Etxano;43.2205;-2.733236;74.85185;17842;8793;9049
País Vasco;Vizcaya;Arrigorriaga;43.20752;-2.887839;59.69678;12435;6142;6293
País Vasco;Vizcaya;Barakaldo;43.29683;-2.985259;32.29025;98460;47812;50648
País Vasco;Vizcaya;Basauri;43.23333;-2.883333;46.02919;42657;20873;21784
País Vasco;Vizcaya;Bermeo;43.42042;-2.722158;25.29399;16937;8324;8613
País Vasco;Vizcaya;Bilbao;43.25696;-2.923441;17.88842;354860;168019;186841
País Vasco;Vizcaya;Durango;43.16907;-2.632655;119.8463;28229;13878;14351
País Vasco;Vizcaya;Erandio;43.30746;-2.946418;7.186315;24262;11911;12351
País Vasco;Vizcaya;Ermua;43.18664;-2.502607;176.2473;16252;8210;8042
País Vasco;Vizcaya;Galdakao;43.23056;-2.845833;50.10822;29226;14468;14758
País Vasco;Vizcaya;Gernika-Lumo;43.31707;-2.678975;11.34349;16244;7898;8346
País Vasco;Vizcaya;Getxo;43.36229;-3.012567;47.59218;80770;38094;42676
País Vasco;Vizcaya;Leioa;43.3261;-2.987704;15.54233;30079;14706;15373
País Vasco;Vizcaya;Mungia;43.35441;-2.846714;30.57701;16209;7924;8285
País Vasco;Vizcaya;Portugalete;43.32066;-3.020252;43.67228;48105;23193;24912
País Vasco;Vizcaya;Santurtzi;43.32871;-3.031772;10.96747;46978;22890;24088
País Vasco;Vizcaya;Sestao;43.30964;-3.00694;64.24418;29476;14300;15176
País Vasco;Vizcaya;Sopelana;43.37892;-2.983002;49.00807;12359;6096;6263
País Vasco;Vizcaya;Valle de Trápaga-Trapagaran;43.30311;-3.035548;24.57367;12353;6055;6298
Valencia;Alicante/Alacant;Albatera;38.1806;-0.8696246;21.50101;11745;6079;5666
Valencia;Alicante/Alacant;Alcoy/Alcoi;38.69763;-0.4730959;578.9285;61552;29854;31698
Valencia;Alicante/Alacant;Alfàs del Pi (l');38.58055;-0.1032094;96.30521;21011;10498;10513
Valencia;Alicante/Alacant;Alicante/Alacant;38.3452;-0.481006;16.63256;334757;162853;171904
Valencia;Alicante/Alacant;Almoradí;38.10963;-0.7920032;17.38357;19147;9772;9375
Valencia;Alicante/Alacant;Altea;38.60032;-0.0491708;21.23566;23780;11884;11896
Valencia;Alicante/Alacant;Aspe;38.34857;-0.7694142;230.3877;20180;10190;9990
Valencia;Alicante/Alacant;Benidorm;38.53704;-0.1290771;21.19977;71034;35796;35238
Valencia;Alicante/Alacant;Benissa;38.71623;0.0533722;253.765;13221;6668;6553
Valencia;Alicante/Alacant;Callosa de Segura;38.12413;-0.8784829;22.56134;17924;9090;8834
Valencia;Alicante/Alacant;Calpe/Calp;38.64483;0.0454063;53.52462;29666;15177;14489
Valencia;Alicante/Alacant;Campello (el);38.42892;-0.3978871;25.46509;26511;13199;13312
Valencia;Alicante/Alacant;Castalla;38.59519;-0.6722506;685.3792;10327;5208;5119
Valencia;Alicante/Alacant;Cocentaina;38.74228;-0.4384323;446.2317;11467;5739;5728
Valencia;Alicante/Alacant;Crevillent;38.24703;-0.803492;120.1649;28609;14647;13962
Valencia;Alicante/Alacant;Dénia;38.84043;0.1085751;11.78009;44464;22105;22359
Valencia;Alicante/Alacant;Elche/Elx;38.2655;-0.6984587;89.97423;230112;115289;114823
Valencia;Alicante/Alacant;Elda;38.47803;-0.7904639;413.189;55168;27101;28067
Valencia;Alicante/Alacant;Guardamar del Segura;38.08615;-0.651254;26.48124;16329;8241;8088
Valencia;Alicante/Alacant;Ibi;38.62551;-0.5713521;753.7646;24113;12134;11979
Valencia;Alicante/Alacant;Jávea/Xàbia;38.79546;0.1166293;95.74202;31593;15844;15749
Valencia;Alicante/Alacant;Monóvar/Monòver;38.43725;-0.8294068;376.5502;13060;6504;6556
Valencia;Alicante/Alacant;Mutxamel;38.41235;-0.4432408;65.50282;22510;11290;11220
Valencia;Alicante/Alacant;Novelda;38.3853;-0.7653857;247.5291;27135;13553;13582
Valencia;Alicante/Alacant;Nucia (la);38.61438;-0.1257095;235.7798;17874;9100;8774
Valencia;Alicante/Alacant;Orihuela;38.08395;-0.9447829;36.18137;86164;43368;42796
Valencia;Alicante/Alacant;Pego;38.84324;-0.1175528;83.52785;11133;5683;5450
Valencia;Alicante/Alacant;Petrer;38.47744;-0.7742523;437.8267;34523;17231;17292
Valencia;Alicante/Alacant;Pilar de la Horadada;37.86538;-0.7925081;32.33976;22050;11450;10600
Valencia;Alicante/Alacant;Rojales;38.08833;-0.7242546;13.9656;20510;10482;10028
Valencia;Alicante/Alacant;San Fulgencio;38.11422;-0.7179557;7.573623;12030;6108;5922
Valencia;Alicante/Alacant;San Vicente del Raspeig/Sant;38.39609;-0.5249284;113.718;53126;26404;26722
Valencia;Alicante/Alacant;Sant Joan d'Alacant;38.39817;-0.4345329;41.32392;21939;10703;11236
Valencia;Alicante/Alacant;Santa Pola;38.1923;-0.5552066;10;31760;16115;15645
Valencia;Alicante/Alacant;Sax;38.53757;-0.8180652;480.8817;10054;5100;4954
Valencia;Alicante/Alacant;Teulada;38.72881;0.1035751;181.3972;14620;7437;7183
Valencia;Alicante/Alacant;Torrevieja;37.97747;-0.6832271;15.69942;101792;51781;50011
Valencia;Alicante/Alacant;Villajoyosa/Vila Joiosa (la);38.50775;-0.2326134;43.88388;33797;16940;16857
Valencia;Alicante/Alacant;Villena;38.63634;-0.8661389;522.7245;35222;17559;17663
Valencia;Castellón/Castelló;Alcora (l');40.07278;-0.2130235;274.3336;11150;5683;5467
Valencia;Castellón/Castelló;Almazora/Almassora;39.94497;-0.0633176;37.78706;24963;12645;12318
Valencia;Castellón/Castelló;Benicarló;40.4187;0.4231017;17.99488;26655;13507;13148
Valencia;Castellón/Castelló;Benicasim/Benicàssim;40.05554;0.0656074;16.66872;18098;9132;8966
Valencia;Castellón/Castelló;Borriana/Burriana;39.88987;-0.0836936;20.2599;34565;17406;17159
Valencia;Castellón/Castelló;Castellón de la Plana/Castelló;39.98598;-0.0376709;36;180005;88979;91026
Valencia;Castellón/Castelló;Nules;39.85245;-0.1586306;18;13490;6756;6734
Valencia;Castellón/Castelló;Onda;39.9653;-0.2626455;192.7921;25691;13149;12542
Valencia;Castellón/Castelló;Oropesa del Mar/Orpesa;40.09225;0.1339877;28.01426;11188;6142;5046
Valencia;Castellón/Castelló;Vall d'Uixó (la);39.82333;-0.2325619;120.3759;32924;16365;16559
Valencia;Castellón/Castelló;Vila-real;39.93835;-0.1018287;46.86089;51205;25771;25434
Valencia;Castellón/Castelló;Vinaròs;40.471;0.4747435;12.0655;28273;14145;14128
Valencia;Valencia/València;Alaquàs;39.45708;-0.4610681;46.73926;30392;15123;15269
Valencia;Valencia/València;Albal;39.39709;-0.4121969;13.72922;15443;7794;7649
Valencia;Valencia/València;Alberic;39.11652;-0.5177308;33.56151;11175;5672;5503
Valencia;Valencia/València;Alboraya;39.49935;-0.3497834;10.95999;22405;11176;11229
Valencia;Valencia/València;Alcúdia (l');39.19832;-0.507092;40.6911;11378;5594;5784
Valencia;Valencia/València;Aldaia;39.46505;-0.4613582;49.20547;29914;14976;14938
Valencia;Valencia/València;Alfafar;39.42323;-0.3898719;14.41185;20853;10381;10472
Valencia;Valencia/València;Algemesí;39.19387;-0.4347581;23.95206;28308;14092;14216
Valencia;Valencia/València;Alginet;39.26482;-0.4673142;33.26551;13226;6728;6498
Valencia;Valencia/València;Alzira;39.15159;-0.4404637;27.81557;44690;21889;22801
Valencia;Valencia/València;Benaguasil;39.59147;-0.5890565;129.399;11011;5686;5325
Valencia;Valencia/València;Benetússer;39.42465;-0.3974029;16.70827;15313;7678;7635
Valencia;Valencia/València;Benifaió;39.28524;-0.4270781;25.18363;12204;6016;6188
Valencia;Valencia/València;Bétera;39.58848;-0.4588638;107.5116;20740;10333;10407
Valencia;Valencia/València;Buñol;39.41825;-0.7907688;357.3485;10062;5069;4993
Valencia;Valencia/València;Burjassot;39.51051;-0.4149856;43.95247;38433;18817;19616
Valencia;Valencia/València;Canals;38.96075;-0.5842204;161.0747;13941;7073;6868
Valencia;Valencia/València;Carcaixent;39.12122;-0.4496824;30.51869;21735;10731;11004
Valencia;Valencia/València;Carlet;39.22771;-0.5231268;55.64799;15527;7842;7685
Valencia;Valencia/València;Catarroja;39.40274;-0.4035184;16.26744;27035;13475;13560
Valencia;Valencia/València;Chiva;39.47272;-0.717811;279.1065;14167;7321;6846
Valencia;Valencia/València;Cullera;39.16514;-0.2559119;12.5917;24121;12244;11877
Valencia;Valencia/València;Eliana (l');39.56632;-0.5302467;93.11724;16552;8217;8335
Valencia;Valencia/València;Gandia;38.96902;-0.1851868;36.61599;80020;40385;39635
Valencia;Valencia/València;Godella;39.5223;-0.4171347;49.22687;13240;6386;6854
Valencia;Valencia/València;Llíria;39.62458;-0.5947581;179.2893;22706;11566;11140
Valencia;Valencia/València;Manises;39.49073;-0.4558824;51.54403;30508;15140;15368
Valencia;Valencia/València;Massamagrell;39.56923;-0.3351273;20.72736;15210;7559;7651
Valencia;Valencia/València;Meliana;39.52907;-0.348772;17.93604;10395;5192;5203
Valencia;Valencia/València;Mislata;39.47624;-0.4193065;33.95041;43756;21475;22281
Valencia;Valencia/València;Moncada;39.54554;-0.3934617;34.29377;21900;10900;11000
Valencia;Valencia/València;Oliva;38.91939;-0.1226779;32.63683;28419;14376;14043
Valencia;Valencia/València;Ontinyent;38.82102;-0.610547;357.7181;37735;18907;18828
Valencia;Valencia/València;Paiporta;39.42845;-0.4188691;25.99648;23519;11855;11664
Valencia;Valencia/València;Paterna;39.50206;-0.4405986;59.44596;64023;32136;31887
Valencia;Valencia/València;Picanya;39.43625;-0.4346522;29.60459;11053;5473;5580
Valencia;Valencia/València;Picassent;39.36;-0.4626281;55.50201;19786;10062;9724
Valencia;Valencia/València;Pobla de Vallbona (la);39.59043;-0.5529038;100.6849;20431;10376;10055
Valencia;Valencia/València;Puçol;39.61639;-0.300809;12.53519;19018;9468;9550
Valencia;Valencia/València;Quart de Poblet;39.48259;-0.4450733;48;25499;12583;12916
Valencia;Valencia/València;Requena;39.48788;-1.100322;701.6198;21278;10784;10494
Valencia;Valencia/València;Riba-roja de Túria;39.54548;-0.5667182;100.1154;20468;10415;10053
Valencia;Valencia/València;Sagunto/Sagunt;39.68077;-0.2779768;56.38033;66070;32834;33236
Valencia;Valencia/València;Silla;39.36135;-0.4126143;13;18979;9590;9389
Valencia;Valencia/València;Sueca;39.20264;-0.3106423;13.82494;28908;14450;14458
Valencia;Valencia/València;Tavernes de la Valldigna;39.07167;-0.2677154;24.54434;18195;9187;9008
Valencia;Valencia/València;Torrent;39.43688;-0.4653109;51.56449;78543;39429;39114
Valencia;Valencia/València;Utiel;39.56762;-1.203385;740.0797;12420;6242;6178
Valencia;Valencia/València;Valencia;39.47024;-0.3768049;23.3349;814208;392300;421908
Valencia;Valencia/València;Xàtiva;38.98887;-0.5156137;118.2864;29386;14476;14910
Valencia;Valencia/València;Xirivella;39.46669;-0.4277937;35.01973;30691;15474;15217
